INSERT INTO `ps_booking_route` (`id_route`, `id_location_1`, `id_location_2`, `code`, `order`, `modified`, `created`) VALUES
(1, 21, 3, 'q', 1, '2013-07-31 16:13:09', '0000-00-00 00:00:00'),
(2, 21, 2, 'PA 017', 0, '0000-00-00 00:00:00', '0000-00-00 00:00:00'),
(8, 3, 21, '', 0, '0000-00-00 00:00:00', '2013-07-31 16:19:21'),
(9, 2, 21, '', 0, '0000-00-00 00:00:00', '2013-07-31 16:23:01'),
(10, 21, 4, '', 0, '0000-00-00 00:00:00', '2013-07-31 17:22:49'),
(11, 4, 21, '', 0, '0000-00-00 00:00:00', '2013-07-31 17:25:22'),
(12, 21, 5, '', 0, '0000-00-00 00:00:00', '2013-07-31 17:34:35'),
(13, 5, 21, '', 0, '0000-00-00 00:00:00', '2013-07-31 17:37:03'),
(14, 21, 15, '', 0, '0000-00-00 00:00:00', '2013-08-04 15:34:38'),
(15, 15, 21, '', 0, '0000-00-00 00:00:00', '2013-08-04 15:40:18'),
(16, 21, 17, '', 0, '0000-00-00 00:00:00', '2013-08-04 15:48:45'),
(17, 17, 21, '', 0, '0000-00-00 00:00:00', '2013-08-04 15:56:09'),
(18, 21, 6, '', 0, '0000-00-00 00:00:00', '2013-08-04 16:08:41'),
(19, 6, 21, '', 0, '0000-00-00 00:00:00', '2013-08-04 16:09:57'),
(20, 21, 1, '', 0, '0000-00-00 00:00:00', '2013-08-04 16:25:25'),
(21, 1, 21, '', 0, '0000-00-00 00:00:00', '2013-08-04 16:27:54'),
(22, 21, 7, '', 0, '0000-00-00 00:00:00', '2013-08-04 16:32:17'),
(23, 7, 21, '', 0, '0000-00-00 00:00:00', '2013-08-04 16:35:19'),
(24, 21, 8, '', 0, '0000-00-00 00:00:00', '2013-08-04 16:38:05'),
(25, 21, 9, '', 0, '0000-00-00 00:00:00', '2013-08-04 16:43:23'),
(26, 9, 21, '', 0, '0000-00-00 00:00:00', '2013-08-04 16:46:48'),
(27, 21, 11, '', 0, '0000-00-00 00:00:00', '2013-08-04 16:51:05'),
(28, 11, 21, '', 0, '0000-00-00 00:00:00', '2013-08-04 16:54:37'),
(29, 21, 18, '', 0, '0000-00-00 00:00:00', '2013-08-04 16:58:06'),
(30, 18, 21, '', 0, '0000-00-00 00:00:00', '2013-08-04 17:00:38'),
(31, 21, 10, '', 0, '0000-00-00 00:00:00', '2013-08-04 17:20:05'),
(32, 10, 21, '', 0, '0000-00-00 00:00:00', '2013-08-04 17:21:43'),
(33, 21, 13, '', 0, '0000-00-00 00:00:00', '2013-08-04 17:25:57'),
(34, 13, 21, '', 0, '0000-00-00 00:00:00', '2013-08-04 17:32:59'),
(35, 21, 14, '', 0, '0000-00-00 00:00:00', '2013-08-04 17:37:11'),
(36, 14, 21, '', 0, '0000-00-00 00:00:00', '2013-08-04 17:40:43'),
(37, 21, 16, '', 0, '0000-00-00 00:00:00', '2013-08-04 18:06:12'),
(38, 16, 21, '', 0, '0000-00-00 00:00:00', '2013-08-04 18:08:08'),
(39, 21, 19, '', 0, '0000-00-00 00:00:00', '2013-08-04 18:11:30'),
(40, 19, 21, '', 0, '0000-00-00 00:00:00', '2013-08-04 18:16:10'),
(41, 21, 20, '', 0, '2013-08-04 18:21:46', '2013-08-04 18:17:39'),
(42, 20, 21, '', 0, '0000-00-00 00:00:00', '2013-08-04 18:22:27');


INSERT INTO `ps_booking_schedule` (`id_schedule`, `id_inventory`, `id_route`, `traveltime`, `departure`, `modified`, `created`) VALUES
(7, 5, 1, '00:45:00', '2013-08-10 12:00:00', '2013-08-18 17:39:13', '2013-07-31 15:26:43'),
(8, 2, 2, '04:00:00', '2013-08-03 11:00:00', '0000-00-00 00:00:00', '2013-07-31 15:27:09'),
(9, 6, 9, '00:45:00', '2013-08-02 12:00:00', '0000-00-00 00:00:00', '2013-07-31 16:23:45'),
(10, 1, 8, '00:45:00', '2013-08-04 12:00:00', '0000-00-00 00:00:00', '2013-07-31 16:41:16'),
(11, 7, 10, '02:30:00', '2013-08-10 12:00:00', '2013-07-31 17:27:49', '2013-07-31 17:24:06'),
(12, 8, 11, '02:30:00', '2013-08-10 12:00:00', '0000-00-00 00:00:00', '2013-07-31 17:27:00'),
(13, 9, 12, '01:15:00', '2013-08-17 12:00:00', '2013-08-04 15:47:56', '2013-07-31 17:35:18'),
(14, 10, 13, '01:15:00', '2013-07-20 12:00:00', '2013-08-04 15:47:34', '2013-07-31 17:38:05'),
(15, 11, 14, '06:00:00', '2013-08-17 12:00:00', '2013-08-04 17:46:28', '2013-08-04 15:35:33'),
(16, 12, 15, '06:00:00', '2013-08-24 12:00:00', '2013-08-04 17:46:49', '2013-08-04 15:40:49'),
(18, 13, 16, '01:15:00', '2013-08-18 12:00:00', '0000-00-00 00:00:00', '2013-08-04 15:50:05'),
(19, 14, 17, '01:15:00', '2013-08-22 12:00:00', '0000-00-00 00:00:00', '2013-08-04 15:56:41'),
(20, 15, 18, '02:15:00', '2013-08-15 12:00:00', '0000-00-00 00:00:00', '2013-08-04 16:09:14'),
(21, 16, 19, '02:15:00', '2013-08-20 12:00:00', '0000-00-00 00:00:00', '2013-08-04 16:10:21'),
(22, 17, 20, '00:15:00', '2013-08-06 11:00:00', '0000-00-00 00:00:00', '2013-08-04 16:26:16'),
(23, 18, 21, '00:15:00', '2013-08-07 12:00:00', '0000-00-00 00:00:00', '2013-08-04 16:28:28'),
(24, 19, 22, '02:00:00', '2013-08-16 12:00:00', '0000-00-00 00:00:00', '2013-08-04 16:32:59'),
(25, 20, 23, '02:00:00', '2013-08-22 12:00:00', '0000-00-00 00:00:00', '2013-08-04 16:35:50'),
(26, 21, 24, '01:15:00', '2013-08-15 12:00:00', '0000-00-00 00:00:00', '2013-08-04 16:40:13'),
(27, 23, 25, '01:30:00', '2013-08-20 12:00:00', '0000-00-00 00:00:00', '2013-08-04 16:45:57'),
(28, 24, 1, '01:30:00', '2013-08-22 12:00:00', '0000-00-00 00:00:00', '2013-08-04 16:47:40'),
(29, 25, 27, '00:30:00', '2013-08-09 12:00:00', '0000-00-00 00:00:00', '2013-08-04 16:52:19'),
(30, 26, 28, '00:30:00', '2013-08-22 12:00:00', '0000-00-00 00:00:00', '2013-08-04 16:55:13'),
(31, 28, 30, '01:30:00', '2013-08-16 12:00:00', '0000-00-00 00:00:00', '2013-08-04 17:01:11'),
(32, 27, 29, '01:30:00', '2013-08-16 12:00:00', '0000-00-00 00:00:00', '2013-08-04 17:01:59'),
(33, 29, 31, '01:00:00', '2013-08-14 12:00:00', '0000-00-00 00:00:00', '2013-08-04 17:20:47'),
(34, 30, 32, '01:00:00', '2013-08-20 12:00:00', '0000-00-00 00:00:00', '2013-08-04 17:22:16'),
(35, 31, 33, '01:30:00', '2013-08-13 12:00:00', '0000-00-00 00:00:00', '2013-08-04 17:26:51'),
(36, 32, 34, '01:30:00', '2013-08-16 12:00:00', '0000-00-00 00:00:00', '2013-08-04 17:33:33'),
(37, 33, 35, '03:30:00', '2013-08-14 12:00:00', '2013-08-04 17:42:30', '2013-08-04 17:37:40'),
(38, 34, 36, '03:30:00', '2013-08-16 12:00:00', '2013-08-04 17:42:03', '2013-08-04 17:41:39'),
(39, 35, 37, '06:00:00', '2013-08-15 12:00:00', '0000-00-00 00:00:00', '2013-08-04 18:07:29'),
(40, 37, 39, '00:30:00', '2013-08-09 12:00:00', '0000-00-00 00:00:00', '2013-08-04 18:15:03'),
(41, 38, 40, '00:30:00', '2013-08-23 12:00:00', '0000-00-00 00:00:00', '2013-08-04 18:16:49'),
(42, 39, 41, '00:15:00', '2013-08-23 12:00:00', '0000-00-00 00:00:00', '2013-08-04 18:19:24'),
(43, 40, 42, '00:15:00', '2013-08-30 12:00:00', '0000-00-00 00:00:00', '2013-08-04 18:23:49');

INSERT INTO `ps_booking_inventory` (`id_inventory`, `designation`, `seats`, `modified`, `created`) VALUES
(1, 'PA 0172', 41, '2013-07-29 14:35:08', '0000-00-00 00:00:00'),
(2, 'PA 0154', 30, '2013-07-30 12:51:21', '0000-00-00 00:00:00'),
(4, 'PA 0171', 30, '0000-00-00 00:00:00', '0000-00-00 00:00:00'),
(5, 'PA 0173', 41, '2013-07-31 15:50:46', '0000-00-00 00:00:00'),
(6, 'PA 0155', 30, '2013-07-31 15:53:59', '2013-07-30 12:52:03'),
(7, 'PA 0182', 30, '2013-07-31 17:23:35', '2013-07-31 17:22:16'),
(8, 'PA 0183', 30, '2013-07-31 17:25:53', '2013-07-31 17:25:03'),
(9, 'PA 0178', 30, '0000-00-00 00:00:00', '2013-07-31 17:33:57'),
(10, 'PA 0179', 30, '0000-00-00 00:00:00', '2013-07-31 17:36:43'),
(11, 'PA 0201', 41, '2013-08-04 15:34:15', '2013-08-04 15:34:07'),
(12, 'PA 0200', 41, '0000-00-00 00:00:00', '2013-08-04 15:39:48'),
(13, 'PA 0193', 41, '0000-00-00 00:00:00', '2013-08-04 15:48:26'),
(14, 'PA 0192', 41, '0000-00-00 00:00:00', '2013-08-04 15:55:11'),
(15, 'PA 0211', 30, '0000-00-00 00:00:00', '2013-08-04 16:08:19'),
(16, 'PA 0210', 30, '0000-00-00 00:00:00', '2013-08-04 16:09:44'),
(17, 'PA 0115', 30, '0000-00-00 00:00:00', '2013-08-04 16:25:14'),
(18, 'PA 0114', 30, '0000-00-00 00:00:00', '2013-08-04 16:27:26'),
(19, 'PA 0221', 30, '0000-00-00 00:00:00', '2013-08-04 16:32:03'),
(20, 'PA 0220', 30, '2013-08-04 16:34:44', '2013-08-04 16:34:35'),
(21, 'PA 0231', 30, '0000-00-00 00:00:00', '2013-08-04 16:37:49'),
(22, 'PA 0230', 30, '2013-08-04 16:42:42', '2013-08-04 16:40:57'),
(23, 'PA 0241', 30, '0000-00-00 00:00:00', '2013-08-04 16:43:09'),
(24, 'PA 0240', 30, '0000-00-00 00:00:00', '2013-08-04 16:46:32'),
(25, 'PA 0251', 30, '0000-00-00 00:00:00', '2013-08-04 16:50:14'),
(26, 'PA 0250', 30, '0000-00-00 00:00:00', '2013-08-04 16:53:08'),
(27, 'PA 0261', 30, '0000-00-00 00:00:00', '2013-08-04 16:56:11'),
(28, 'PA 0260', 30, '0000-00-00 00:00:00', '2013-08-04 17:00:01'),
(29, 'PA 0271', 30, '0000-00-00 00:00:00', '2013-08-04 17:19:38'),
(30, 'PA 0270', 30, '0000-00-00 00:00:00', '2013-08-04 17:21:20'),
(31, 'PA 0281', 30, '0000-00-00 00:00:00', '2013-08-04 17:25:43'),
(32, 'PA 0280', 30, '0000-00-00 00:00:00', '2013-08-04 17:32:28'),
(33, 'PA 0291', 30, '0000-00-00 00:00:00', '2013-08-04 17:36:55'),
(34, 'PA 0290', 30, '0000-00-00 00:00:00', '2013-08-04 17:40:17'),
(35, 'PA 0301', 41, '0000-00-00 00:00:00', '2013-08-04 18:05:58'),
(36, 'PA 0300', 41, '0000-00-00 00:00:00', '2013-08-04 18:07:47'),
(37, 'CE 0207', 4, '0000-00-00 00:00:00', '2013-08-04 18:11:05'),
(38, 'CE 0208', 4, '0000-00-00 00:00:00', '2013-08-04 18:15:38'),
(39, 'CE 0209', 4, '0000-00-00 00:00:00', '2013-08-04 18:17:21'),
(40, 'CE 0210', 4, '0000-00-00 00:00:00', '2013-08-04 18:20:25');


INSERT INTO `ps_booking_location` (`id_location`, `location`, `country`, `code`, `modified`, `created`) VALUES
(1, 'Brussel', 'Belgie', 'BRU', '0000-00-00 00:00:00', '2013-04-13 00:00:00'),
(2, 'Parijs', 'Frankrijk', 'PAR', '0000-00-00 00:00:00', '2013-04-13 00:00:00'),
(3, 'Londen', 'Groot-Brittanie', 'LON', '2013-04-13 23:06:48', '2013-04-13 23:01:03'),
(4, 'Rome', 'Italie', 'ROM', '2013-04-13 23:08:05', '2013-04-13 23:01:15'),
(5, 'Zurich', 'Zwitserland', 'ZRH', '2013-04-19 16:04:28', '2013-04-13 23:01:34'),
(6, 'Wenen ', 'Oostenrijk', 'VIE', '2013-04-13 23:07:31', '2013-04-13 23:01:49'),
(7, 'Dublin', 'Ierland', 'DUB', '2013-04-13 23:08:16', '2013-04-13 23:02:05'),
(8, 'Hamburg', 'Duitsland', 'HAM', '2013-04-13 23:07:55', '2013-04-13 23:02:18'),
(9, 'Munich', 'Duitsland', 'MUC', '2013-04-13 23:08:29', '2013-04-13 23:02:35'),
(10, 'Luxemburg', 'Luxemburg', 'LUX', '2013-04-13 23:08:41', '2013-04-13 23:02:49'),
(11, 'Dusseldorf', 'Duitsland', 'DUS', '0000-00-00 00:00:00', '2013-04-14 13:37:54'),
(13, 'Copenhagen', 'Denemarken', 'CPH', '2013-04-19 15:53:47', '2013-04-14 13:47:16'),
(14, 'Barcelona', 'Spanje', 'BCN', '0000-00-00 00:00:00', '2013-04-19 15:47:45'),
(15, 'Istanboel', 'Turkije', 'IST', '0000-00-00 00:00:00', '2013-04-19 15:48:14'),
(16, 'Athens', 'Griekenland', 'ATH', '2013-04-19 15:54:14', '2013-04-19 15:48:43'),
(17, 'Bern', 'Zwitserland', 'BRN', '0000-00-00 00:00:00', '2013-04-19 15:49:08'),
(18, 'Berlijn', 'Duitsland', 'BER', '0000-00-00 00:00:00', '2013-04-19 15:49:34'),
(19, 'Ameland', 'Nederland', 'NED', '2013-04-28 16:23:29', '2013-04-28 16:19:49'),
(20, 'Texel', 'Nederland', 'TEX', '0000-00-00 00:00:00', '2013-04-28 16:22:47'),
(21, 'Flevoland ', 'Nederland', '', '0000-00-00 00:00:00', '2013-07-20 23:18:32');

